"2023","2007","2008","2009","2010","2011","2012","2013","2014","2015","2016","2017","2018","2019","2020","2021","2022"
"constrainable_xuanhuasaurus",1,1,0,1,1,1,0,1,1,1,1,0,0,0,0,0
"still_jerboa",1,1,0,1,1,1,0,1,1,1,1,0,0,0,0,0
"bridal_shrew",1,1,0,1,1,1,0,1,1,1,1,0,0,0,0,0
"baseborn_nightheron",1,1,0,1,1,1,0,1,1,1,1,0,0,0,0,0
"coquettish_ibadanmalimbe",1,1,0,1,1,1,0,1,1,1,1,0,0,0,0,0
"celestial_hornshark",1,1,0,1,1,1,0,1,1,1,1,0,0,0,0,0
"quicktempered_blackwidowspider",1,1,0,1,1,1,0,1,1,1,1,0,0,0,0,0
"ichthyophobic_tapeworm",1,1,0,1,1,1,0,1,1,1,1,0,0,0,0,0
"dissectible_goldenmantledgroundsquirrel",1,1,0,1,1,1,0,1,1,1,1,0,0,0,0,0
"sarcastic_pikeperch",1,1,0,1,1,1,0,1,1,1,1,0,0,0,0,0
"drawn_redpoll",1,1,0,1,1,1,0,1,1,1,1,0,0,0,0,0
"halfbleached_hamadryad",1,1,0,1,1,1,0,1,1,1,1,0,0,0,0,0
"centophobic_goldfinch",1,1,0,1,1,1,0,1,1,1,1,0,0,0,0,0
"enraged_blackrussianterrier",1,1,0,1,1,1,0,1,1,1,1,0,0,0,0,0
"stupendous_wolfspider",1,1,0,1,1,1,0,1,1,1,1,0,0,0,0,0
"ghetto_thoroughbred",1,1,0,1,1,1,0,1,1,1,1,0,0,0,0,0
"selfvulcanising_australiansilkyterrier",1,1,0,1,1,1,0,1,1,1,1,0,0,0,0,0
"goosepimply_gilamonster",1,1,0,1,1,1,0,1,1,1,1,0,0,0,0,0
"aweinspiring_canvasback",1,1,0,1,1,1,0,1,1,1,1,0,0,0,0,0
"witted_auklet",1,1,0,1,1,1,0,1,1,1,1,0,0,0,0,0
"dashing_ozarkbigearedbat",1,1,0,1,1,1,0,1,1,1,1,0,0,0,0,0
"diagnostic_ewe",1,1,0,1,1,1,0,1,1,1,1,0,0,0,0,0
"highspiritedly_pterodactyls",1,1,0,1,1,1,0,1,1,1,1,0,0,0,0,0
"dedicated_vixen",1,1,0,1,1,1,0,1,1,1,1,0,0,0,0,0
"tinted_haddock",1,1,0,1,1,1,0,1,1,1,1,0,0,0,0,0
"unpredestined_baiji",1,1,0,1,1,1,0,1,1,1,1,0,0,0,0,0
"silicone_crayfish",1,1,0,1,1,1,0,1,1,1,1,0,0,0,0,0
"bluecollar_conch",1,1,0,1,1,1,0,1,1,1,1,0,0,0,0,0
"lazuline_cavy",1,1,0,1,1,1,0,1,1,1,1,0,0,0,0,0
"palaeobiologic_skimmer",1,1,0,1,1,1,0,1,1,1,1,0,0,0,0,0
"upper_emu",1,1,0,1,1,1,0,1,1,1,1,0,0,0,0,0
"dull_wolverine",1,1,0,1,1,1,0,1,1,1,1,0,0,0,0,0
"polygonal_lightningbug",1,1,0,1,1,1,0,1,1,1,1,0,0,0,0,0
"dominating_zebra",1,1,0,1,1,1,0,1,1,1,1,0,0,0,0,0
"contextual_terrier",1,1,0,1,1,1,0,1,1,1,1,0,0,0,0,0
"illtimed_albatross",1,1,0,1,1,1,0,1,1,1,1,0,0,0,0,0
"benign_americancurl",1,1,0,1,1,1,0,1,1,1,1,0,0,0,0,0
"catty_maggot",1,1,0,1,1,1,0,1,1,1,1,0,0,0,0,0
"causable_gar",1,1,0,1,1,1,0,1,1,1,1,0,0,0,0,0
"precranial_genet",1,1,0,1,1,1,0,1,1,1,1,0,0,0,0,0
"semidramatical_sloth",1,1,0,1,1,1,0,1,1,1,1,0,0,0,0,0
"nobleminded_earwig",1,1,0,1,1,1,0,1,1,1,1,0,0,0,0,0
"unfriended_shibainu",1,1,0,1,1,1,0,1,1,1,1,0,0,0,0,0
"larval_africangoldencat",1,1,0,1,1,1,0,1,1,1,1,0,0,0,0,0
"equatorial_elephantseal",1,1,0,1,1,1,0,1,1,1,1,0,0,0,0,0
"lowerclass_springbok",1,1,0,1,1,1,0,1,1,1,1,0,0,0,0,0
"flashy_songbird",1,1,0,1,1,1,0,1,1,1,1,0,0,0,0,0
"catatonic_halicore",1,1,0,1,1,1,0,1,1,1,1,0,0,0,0,0
"copper_kestrel",1,1,0,1,1,1,0,1,1,1,1,0,0,0,0,0
"imperialistic_stegosaurus",1,1,0,1,1,1,0,1,1,1,1,0,0,0,0,0
"proclergy_grasshopper",1,1,0,1,1,1,0,1,1,1,1,0,0,0,0,0
"ingenious_redstart",1,1,0,1,1,1,0,1,1,1,1,0,0,0,0,0
"aquiline_anglerfish",1,1,0,1,1,1,0,1,1,1,1,0,0,0,0,0
"unconquerable_antelopegroundsquirrel",1,1,0,1,1,1,0,1,1,1,1,0,0,0,0,0
"wanted_johndory",1,1,0,1,1,1,0,1,1,1,1,0,0,0,0,0
"nonangelic_arrowana",1,1,0,1,1,1,0,1,1,1,1,0,0,0,0,0
"unsalted_greathornedowl",1,1,0,1,1,1,0,1,1,1,1,0,0,0,0,0
"nonliterary_queenant",1,1,0,1,1,1,0,1,1,1,1,0,0,0,0,0
"disregardful_rhodesianridgeback",1,1,0,1,1,1,0,1,1,1,1,0,0,0,0,0
"soldierlike_grison",1,1,0,1,1,1,0,1,1,1,1,0,0,0,0,0
"nocturnal_kitten",1,1,0,1,1,1,0,1,1,1,1,0,0,0,0,0
"trashy_kiwi",1,1,0,1,1,1,0,1,1,1,1,0,0,0,0,0
"verymad_frillneckedlizard",1,1,0,1,1,1,0,1,1,1,1,0,0,0,0,0
"reusable_duckbillcat",1,1,0,1,1,1,0,1,1,1,1,0,0,0,0,0
"committable_acornweevil",1,1,0,1,1,1,0,1,1,1,1,0,0,0,0,0
"halfintellectual_icelandgull",1,1,0,1,1,1,0,1,1,1,1,0,0,0,0,0
"tired_solitaire",1,1,0,1,1,1,0,1,1,1,1,0,0,0,0,0
"burnt_loris",1,1,0,1,1,1,0,1,1,1,1,0,0,0,0,0
"invincible_fishingcat",1,1,0,1,1,1,0,1,1,1,1,0,0,0,0,0
"irritating_wobbegongshark",1,1,0,1,1,1,0,1,1,1,1,0,0,0,0,0
"thickwitted_dragon",1,1,0,1,1,1,0,1,1,1,1,0,0,0,0,0
"psychometrical_blueshark",1,1,0,1,1,1,0,1,1,1,1,0,0,0,0,0
"baggy_leopardseal",1,1,0,1,1,1,0,1,1,1,1,0,0,0,0,0
"active_snipe",1,1,0,1,1,1,0,1,1,1,1,0,0,0,0,0
"semihistorical_barb",1,1,0,1,1,1,0,1,1,1,1,0,0,0,0,0
"psychographic_hatchetfish",1,1,0,1,1,1,0,1,1,1,1,0,0,0,0,0
"premature_mosasaur",1,1,0,1,1,1,0,1,1,1,1,0,0,0,0,0
"medical_sphinx",1,1,0,1,1,1,0,1,1,1,1,0,0,0,0,0
"unpretentious_sakimonkey",1,1,0,1,1,1,0,1,1,1,1,0,0,0,0,0
"nondesirous_pinniped",1,1,0,1,1,1,0,1,1,1,1,0,0,0,0,0
"annoyed_flatfish",1,1,0,1,1,1,0,1,1,1,1,0,0,0,0,0
"unjust_johndory",1,1,0,1,1,1,0,1,1,1,1,0,0,0,0,0
"generalpurpose_irishsetter",1,1,0,1,1,1,0,1,1,1,1,0,0,0,0,0
"bacterial_starfish",1,1,0,1,1,1,0,1,1,1,1,0,0,0,0,0
"sulfur_pachyderm",1,1,0,1,1,1,0,1,1,1,1,0,0,0,0,0
"moonlit_boa",1,1,0,1,1,1,0,1,1,1,1,0,0,0,0,0
"retouchable_ling",1,1,0,1,1,1,0,1,1,1,1,0,0,0,0,0
"spiniferous_husky",1,1,0,1,1,1,0,1,1,1,1,0,0,0,0,0
"pleasable_gallinule",1,1,0,1,1,1,0,1,1,1,1,0,0,0,0,0
"similar_skipper",1,1,0,1,1,1,0,1,1,1,1,0,0,0,0,0
"matriarchic_sardine",1,1,0,1,1,1,0,1,1,1,1,0,0,0,0,0
"advertent_monkey",1,1,0,1,1,1,0,1,1,1,1,0,0,0,0,0
"capitalistic_bluebottlejellyfish",1,1,0,1,1,1,0,1,1,1,1,0,0,0,0,0
"edgy_viper",1,1,0,1,1,1,0,1,1,1,1,0,0,0,0,0
"jobless_indusriverdolphin",1,1,0,1,1,1,0,1,1,1,1,0,0,0,0,0
"wedded_iaerismetalmark",1,1,0,1,1,1,0,1,1,1,1,0,0,0,0,0
"imported_xantus",1,1,0,1,1,1,0,1,1,1,1,0,0,0,0,0
"bad_loon",1,1,0,1,1,1,0,1,1,1,1,0,0,0,0,0
"unalliterative_lcont",1,1,0,1,1,1,0,1,1,1,1,0,0,0,0,0
"right_mantis",1,1,0,1,1,1,0,1,1,1,1,0,0,0,0,0
"haywire_hornedtoad",1,1,0,1,1,1,0,1,1,1,1,0,0,0,0,0
"foilable_whitetaileddeer",1,1,0,1,1,1,0,1,1,1,1,0,0,0,0,0
"prosaic_chinchilla",1,1,0,1,1,1,0,1,1,1,1,0,0,0,0,0
"goosebumpy_goitered",1,1,0,1,1,1,0,1,1,1,1,0,0,0,0,0
"sedulous_waterthrush",1,1,0,1,1,1,0,1,1,1,1,0,0,0,0,0
"portable_atlanticspadefish",1,1,0,1,1,1,0,1,1,1,1,0,0,0,0,0
"incombustible_katydid",1,1,0,1,1,1,0,1,1,1,1,0,0,0,0,0
"saccharine_americancurl",1,1,0,1,1,1,0,1,1,1,1,0,0,0,0,0
"unintroversive_fanworms",1,1,0,1,1,1,0,1,1,1,1,0,0,0,0,0
"understood_skimmer",1,1,0,1,1,1,0,1,1,1,1,0,0,0,0,0
"neophilic_gartersnake",1,1,0,1,1,1,0,1,1,1,1,0,0,0,0,0
"moneygrubbing_hoopoe",1,1,0,1,1,1,0,1,1,1,1,0,0,0,0,0
"dodecasyllabic_kakapo",1,1,0,1,1,1,0,1,1,1,1,0,0,0,0,0
"nonscientific_africanwildcat",1,1,0,1,1,1,0,1,1,1,1,0,0,0,0,0
"ecological_dairycow",1,1,0,1,1,1,0,1,1,1,1,0,0,0,0,0
"lime_angora",1,1,0,1,1,1,0,1,1,1,1,0,0,0,0,0
"apiarian_whippoorwill",1,1,0,1,1,1,0,1,1,1,1,0,0,0,0,0
"chalkstony_baleenwhale",1,1,0,1,1,1,0,1,1,1,1,0,0,0,0,0
"circumnavigatory_whooper",1,1,0,1,1,1,0,1,1,1,1,0,0,0,0,0
"plausible_northernpike",1,1,0,1,1,1,0,1,1,1,1,0,0,0,0,0
"dihydric_kusimanse",1,1,0,1,1,1,0,1,1,1,1,0,0,0,0,0
"unruly_mockingbird",1,1,0,1,1,1,0,1,1,1,1,0,0,0,0,0
"unsatisfied_shorebird",1,1,0,1,1,1,0,1,1,1,1,0,0,0,0,0
"entrepreneurial_zebraswallowtailbutterfly",1,1,0,1,1,1,0,1,1,1,1,0,0,0,0,0
"mopey_americanbobtail",1,1,0,1,1,1,0,1,1,1,1,0,0,0,0,0
"unintellectual_emu",1,1,0,1,1,1,0,1,1,1,1,0,0,0,0,0
"papershelled_barnowl",1,1,0,1,1,1,0,1,1,1,1,0,0,0,0,0
"acute_seagull",1,1,0,1,1,1,0,1,1,1,1,0,0,0,0,0
"proscience_goosefish",1,1,0,1,1,1,0,1,1,1,1,0,0,0,0,0
"pseudomythical_iberianemeraldlizard",1,1,0,1,1,1,0,1,1,1,1,0,0,0,0,0
"dendrochronological_dikdik",1,1,0,1,1,1,0,1,1,1,1,0,0,0,0,0
"persnickety_bluewhale",1,1,0,1,1,1,0,1,1,1,1,0,0,0,0,0
"fireless_paddlefish",1,1,0,1,1,1,0,1,1,1,1,0,0,0,0,0
"unremarkable_nutria",1,1,0,1,1,1,0,1,1,1,1,0,0,0,0,0
"hydrated_copepod",1,1,0,1,1,1,0,1,1,1,1,0,0,0,0,0
"soapy_icefish",1,1,0,1,1,1,0,1,1,1,1,0,0,0,0,0
"exploitative_snoutbutterfly",1,1,0,1,1,1,0,1,1,1,1,0,0,0,0,0
"untrigonometric_tarantula",1,1,0,1,1,1,0,1,1,1,1,0,0,0,0,0
"mustard_zebralongwingbutterfly",1,1,0,1,1,1,0,1,1,1,1,0,0,0,0,0
"stagnant_pelicinuspetrel",1,1,0,1,1,1,0,1,1,1,1,0,0,0,0,0
"villainous_squid",1,1,0,1,1,1,0,1,1,1,1,0,0,0,0,0
"clever_urubu",1,1,0,1,1,1,0,1,1,1,1,0,0,0,0,0
"hurt_alabamamapturtle",1,1,0,1,1,1,0,1,1,1,1,0,0,0,0,0
"relaxative_goshawk",1,1,0,1,1,1,0,1,1,1,1,0,0,0,0,0
"underaverage_indigowingedparrot",1,1,0,1,1,1,0,1,1,1,1,0,0,0,0,0
"scrapable_whitetaileddeer",1,1,0,1,1,1,0,1,1,1,1,0,0,0,0,0
"homebrewed_incatern",1,1,0,1,1,1,0,1,1,1,1,0,0,0,0,0
"sportsmanly_umbrellabird",1,1,0,1,1,1,0,1,1,1,1,0,0,0,0,0
"unmercenary_hart",1,1,0,1,1,1,0,1,1,1,1,0,0,0,0,0
"supercolossal_chick",1,1,0,1,1,1,0,1,1,1,1,0,0,0,0,0
"algophobic_waterbug",1,1,0,1,1,1,0,1,1,1,1,0,0,0,0,0
"dead_pharaohhound",1,1,0,1,1,1,0,1,1,1,1,0,0,0,0,0
"mossy_longhornbeetle",1,1,0,1,1,1,0,1,1,1,1,0,0,0,0,0
"fluent_icefish",1,1,0,1,1,1,0,1,1,1,1,0,0,0,0,0
"venerated_collardlizard",1,1,0,1,1,1,0,1,1,1,1,0,0,0,0,0
"cardiographic_fowl",1,1,0,1,1,1,0,1,1,1,1,0,0,0,0,0
"hexametric_arkshell",1,1,0,1,1,1,0,1,1,1,1,0,0,0,0,0
"unopinioned_hartebeest",1,1,0,1,1,1,0,1,1,1,1,0,0,0,0,0
"proposed_sponge",1,1,0,1,1,1,0,1,1,1,1,0,0,0,0,0
"robotlike_iridescentshark",1,1,0,1,1,1,0,1,1,1,1,0,0,0,0,0
"acidfast_pooch",1,1,0,1,1,1,0,1,1,1,1,0,0,0,0,0
"indigenous_neondwarfgourami",1,1,0,1,1,1,0,1,1,1,1,0,0,0,0,0
"petalled_xuanhanosaurus",1,1,0,1,1,1,0,1,1,1,1,0,0,0,0,0
"durable_ibex",1,1,0,1,1,1,0,1,1,1,1,0,0,0,0,0
"rheophilic_guineafowl",1,1,0,1,1,1,0,1,1,1,1,0,0,0,0,0
"greedsome_tarantula",1,1,0,1,1,1,0,1,1,1,1,0,0,0,0,0
"cosmographical_guillemot",1,1,0,1,1,1,0,1,1,1,1,0,0,0,0,0
"stigmatophilic_sandpiper",1,1,0,1,1,1,0,1,1,1,1,0,0,0,0,0
"censorable_kestrel",1,1,0,1,1,1,0,1,1,1,1,0,0,0,0,0
"striking_nilgai",1,1,0,1,1,1,0,1,1,1,1,0,0,0,0,0
"ghostlike_snail",1,1,0,1,1,1,0,1,1,1,1,0,0,0,0,0
"exacting_flea",1,1,0,1,1,1,0,1,1,1,1,0,0,0,0,0
"pithikosophilic_phoebe",1,1,0,1,1,1,0,1,1,1,1,0,0,0,0,0
"ignored_illadopsis",1,1,0,1,1,1,0,1,1,1,1,0,0,0,0,0
"literalminded_nauplius",1,1,0,1,1,1,0,1,1,1,1,0,0,0,0,0
"troglodytical_fruitfly",1,1,0,1,1,1,0,1,1,1,1,0,0,0,0,0
"defaceable_tapeworm",1,1,0,1,1,1,0,1,1,1,1,0,0,0,0,0
"uncreative_mammoth",1,1,0,1,1,1,0,1,1,1,1,0,0,0,0,0
"antidemocratical_abyssiniancat",1,1,0,1,1,1,0,1,1,1,1,0,0,0,0,0
"ermined_watermoccasin",1,1,0,1,1,1,0,1,1,1,1,0,0,0,0,0
"nonallergenic_hind",1,1,0,1,1,1,0,1,1,1,1,0,0,0,0,0
"premedical_mammal",1,1,0,1,1,1,0,1,1,1,1,0,0,0,0,0
"brilliant_eidolonhelvum",1,1,0,1,1,1,0,1,1,1,1,0,0,0,0,0
"beeswax_kissingbug",1,1,0,1,1,1,0,1,1,1,1,0,0,0,0,0
"wheezy_arrowana",1,1,0,1,1,1,0,1,1,1,1,0,0,0,0,0
"intranational_zebratailedlizard",1,1,0,1,1,1,0,1,1,1,1,0,0,0,0,0
"humdrum_tadpole",1,1,0,1,1,1,0,1,1,1,1,0,0,0,0,0
"elaborate_stud",1,1,0,1,1,1,0,1,1,1,1,0,0,0,0,0
"slumberless_dolphin",1,1,0,1,1,1,0,1,1,1,1,0,0,0,0,0
"burly_douglasfirbarkbeetle",1,1,0,1,1,1,0,1,1,1,1,0,0,0,0,0
"jade_kookaburra",1,1,0,1,1,1,0,1,1,1,1,0,0,0,0,0
"peaceful_aegeancat",1,1,0,1,1,1,0,1,1,1,1,0,0,0,0,0
"depressive_chrysalis",1,1,0,1,1,1,0,1,1,1,1,0,0,0,0,0
"antimonarchy_stilt",1,1,0,1,1,1,0,1,1,1,1,0,0,0,0,0
"sugarcane_ragfish",1,1,0,1,1,1,0,1,1,1,1,0,0,0,0,0
"linty_bats",1,1,0,1,1,1,0,1,1,1,1,0,0,0,0,0
"zincic_asiaticwildass",1,1,0,1,1,1,0,1,1,1,1,0,0,0,0,0
"ratlike_hylaeosaurus",1,1,0,1,1,1,0,1,1,1,1,0,0,0,0,0
"abyssal_lice",1,1,0,1,1,1,0,1,1,1,1,0,0,0,0,0
"sketchy_alligator",1,1,0,1,1,1,0,1,1,1,1,0,0,0,0,0
"bossy_flycatcher",1,1,0,1,1,1,0,1,1,1,1,0,0,0,0,0
"algophobic_tilefish",1,1,0,1,1,1,0,1,1,1,1,0,0,0,0,0
"culinary_baiji",1,1,0,1,1,1,0,1,1,1,1,0,0,0,0,0
"nonritualistic_dorking",1,1,0,1,1,1,0,1,1,1,1,0,0,0,0,0
"limy_siamesecat",1,1,0,1,1,1,0,1,1,1,1,0,0,0,0,0
"dialectal_dikkops",1,1,0,1,1,1,0,1,1,1,1,0,0,0,0,0
"puzzled_skua",1,1,0,1,1,1,0,1,1,1,1,0,0,0,0,0
"animalistic_australiancattledog",1,1,0,1,1,1,0,1,1,1,1,0,0,0,0,0
"peridotite_americanriverotter",1,1,0,1,1,1,0,1,1,1,1,0,0,0,0,0
"jagged_jaeger",1,1,0,1,1,1,0,1,1,1,1,0,0,0,0,0
"reconcilable_admiralbutterfly",1,1,0,1,1,1,0,1,1,1,1,0,0,0,0,0
"agrologic_mollusk",1,1,0,1,1,1,0,1,1,1,1,0,0,0,0,0
"cardiotonic_woodcock",1,1,0,1,1,1,0,1,1,1,1,0,0,0,0,0
"steep_yosemitetoad",1,1,0,1,1,1,0,1,1,1,1,0,0,0,0,0
"coed_skimmer",1,1,0,1,1,1,0,1,1,1,1,0,0,0,0,0
"amethystine_coyote",1,1,0,1,1,1,0,1,1,1,1,0,0,0,0,0
"goodnatured_pinkriverdolphin",1,1,0,1,1,1,0,1,1,1,1,0,0,0,0,0
"nonscientific_goosefish",1,1,0,1,1,1,0,1,1,1,1,0,0,0,0,0
"calicoed_xuanhanosaurus",1,1,0,1,1,1,0,1,1,1,1,0,0,0,0,0
"corking_indianspinyloach",1,1,0,1,1,1,0,1,1,1,1,0,0,0,0,0
"employable_xenopus",1,1,0,1,1,1,0,1,1,1,1,0,0,0,0,0
"dissentient_thunderbird",1,1,0,1,1,1,0,1,1,1,1,0,0,0,0,0
"paper_weaverbird",1,1,0,1,1,1,0,1,1,1,1,0,0,0,0,0
"anatomical_mare",1,1,0,1,1,1,0,1,1,1,1,0,0,0,0,0
"emancipatory_xerus",1,1,0,1,1,1,0,1,1,1,1,0,0,0,0,0
"undestroyed_grebe",1,1,0,1,1,1,0,1,1,1,1,0,0,0,0,0
"webby_sow",1,1,0,1,1,1,0,1,1,1,1,0,0,0,0,0
"factorable_amurminnow",1,1,0,1,1,1,0,1,1,1,1,0,0,0,0,0
"patriarchic_woollybearcaterpillar",1,1,0,1,1,1,0,1,1,1,1,0,0,0,0,0
"tame_amphibian",1,1,0,1,1,1,0,1,1,1,1,0,0,0,0,0
"mobile_seamonkey",1,1,0,1,1,1,0,1,1,1,1,0,0,0,0,0
"cantankerous_blacklab",1,1,0,1,1,1,0,1,1,1,1,0,0,0,0,0
"pitiful_andeancondor",1,1,0,1,1,1,0,1,1,1,1,0,0,0,0,0
"wrinkleable_irishwaterspaniel",1,1,0,1,1,1,0,1,1,1,1,0,0,0,0,0
"sacrilegious_wyvern",1,1,0,1,1,1,0,1,1,1,1,0,0,0,0,0
"melodious_nauplius",1,1,0,1,1,1,0,1,1,1,1,0,0,0,0,0
"parenthetical_irishredandwhitesetter",1,1,0,1,1,1,0,1,1,1,1,0,0,0,0,0
"amenable_skimmer",1,1,0,1,1,1,0,1,1,1,1,0,0,0,0,0
"sulfuric_herald",1,1,0,1,1,1,0,1,1,1,1,0,0,0,0,0
"cetologic_americanindianhorse",1,1,0,1,1,1,0,1,1,1,1,0,0,0,0,0
"winged_verdin",1,1,0,1,1,1,0,1,1,1,1,0,0,0,0,0
"deceased_blackbuck",1,1,0,1,1,1,0,1,1,1,1,0,0,0,0,0
"stealthless_kinglet",1,1,0,1,1,1,0,1,1,1,1,0,0,0,0,0
"cheap_motmot",1,1,0,1,1,1,0,1,1,1,1,0,0,0,0,0
"sinking_calf",1,1,0,1,1,1,0,1,1,1,1,0,0,0,0,0
"callous_chamois",1,1,0,1,1,1,0,1,1,1,1,0,0,0,0,0
"retaliatory_arrowworm",1,1,0,1,1,1,0,1,1,1,1,0,0,0,0,0
"adrenal_chihuahua",1,1,0,1,1,1,0,1,1,1,1,0,0,0,0,0
"barbarian_coyote",1,1,0,1,1,1,0,1,1,1,1,0,0,0,0,0
"administrative_equestrian",1,1,0,1,1,1,0,1,1,1,1,0,0,0,0,0
"sensualist_booby",1,1,0,1,1,1,0,1,1,1,1,0,0,0,0,0
"peaceable_killerwhale",1,1,0,1,1,1,0,1,1,1,1,0,0,0,0,0
"selfexistent_tigerbeetle",1,1,0,1,1,1,0,1,1,1,1,0,0,0,0,0
"gastrovascular_vulpesvulpes",1,1,0,1,1,1,0,1,1,1,1,0,0,0,0,0
"incapable_manta",1,1,0,1,1,1,0,1,1,1,1,0,0,0,0,0
"contentable_thunderbird",1,1,0,1,1,1,0,1,1,1,1,0,0,0,0,0
"semiparalysis_flyinglemur",1,1,0,1,1,1,0,1,1,1,1,0,0,0,0,0
"controlless_nightcrawler",1,1,0,1,1,1,0,1,1,1,1,0,0,0,0,0
"exact_alaskanhusky",1,1,0,1,1,1,0,1,1,1,1,0,0,0,0,0
"local_monkey",1,1,0,1,1,1,0,1,1,1,1,0,0,0,0,0
"leathery_spider",1,1,0,1,1,1,0,1,1,1,1,0,0,0,0,0
"psychotherapeutic_millipede",1,1,0,1,1,1,0,1,1,1,1,0,0,0,0,0
"venomous_javalina",1,1,0,1,1,1,0,1,1,1,1,0,0,0,0,0
"cursorial_ringworm",1,1,0,1,1,1,0,1,1,1,1,0,0,0,0,0
"fretful_ox",1,1,0,1,1,1,0,1,1,1,1,0,0,0,0,0
"geological_mallard",1,1,0,1,1,1,0,1,1,1,1,0,0,0,0,0
"starstudded_peccary",1,1,0,1,1,1,0,1,1,1,1,0,0,0,0,0
"homebred_icelandichorse",1,1,0,1,1,1,0,1,1,1,1,0,0,0,0,0
"nondemocratical_xantus",1,1,0,1,1,1,0,1,1,1,1,0,0,0,0,0
"gladiatorial_pterodactyls",1,1,0,1,1,1,0,1,1,1,1,0,0,0,0,0
"sticky_zebradove",1,1,0,1,1,1,0,1,1,1,1,0,0,0,0,0
"finical_ivorygull",1,1,0,1,1,1,0,1,1,1,1,0,0,0,0,0
"unluxuriant_virginiaopossum",1,1,0,1,1,1,0,1,1,1,1,0,0,0,0,0
"electrostatic_sambar",1,1,0,1,1,1,0,1,1,1,1,0,0,0,0,0
"cankerous_blacknorwegianelkhound",1,1,0,1,1,1,0,1,1,1,1,0,0,0,0,0
"fluorescent_fantail",1,1,0,1,1,1,0,1,1,1,1,0,0,0,0,0
"colouristic_hyena",1,1,0,1,1,1,0,1,1,1,1,0,0,0,0,0
"stilllife_dassie",1,1,0,1,1,1,0,1,1,1,1,0,0,0,0,0
"celllike_nightheron",1,1,0,1,1,1,0,1,1,1,1,0,0,0,0,0
"minuscular_cats",1,1,0,1,1,1,0,1,1,1,1,0,0,0,0,0
"dendric_irishwaterspaniel",1,1,0,1,1,1,0,1,1,1,1,0,0,0,0,0
"pentagonoid_argali",1,1,0,1,1,1,0,1,1,1,1,0,0,0,0,0
"pedagogish_bighornsheep",1,1,0,1,1,1,0,1,1,1,1,0,0,0,0,0
"ornate_skipper",1,1,0,1,1,1,0,1,1,1,1,0,0,0,0,0
"deflectable_zigzagsalamander",1,1,0,1,1,1,0,1,1,1,1,0,0,0,0,0
"irritated_porpoise",1,1,0,1,1,1,0,1,1,1,1,0,0,0,0,0
"psychasthenic_ant",1,1,0,1,1,1,0,1,1,1,1,0,0,0,0,0
"stable_gemsbok",1,1,0,1,1,1,0,1,1,1,1,0,0,0,0,0
"unamused_chimpanzee",1,1,0,1,1,1,0,1,1,1,1,0,0,0,0,0
"fibrous_shark",1,1,0,1,1,1,0,1,1,1,1,0,0,0,0,0
"uncertain_amberpenshell",1,1,0,1,1,1,0,1,1,1,1,0,0,0,0,0
"homemade_nandine",1,1,0,1,1,1,0,1,1,1,1,0,0,0,0,0
"pseudodivine_mussel",1,1,0,1,1,1,0,1,1,1,1,0,0,0,0,0
"confident_boa",1,1,0,1,1,1,0,1,1,1,1,0,0,0,0,0
"disquieting_buffalo",1,1,0,1,1,1,0,1,1,1,1,0,0,0,0,0
"nonintrospective_goldfish",1,1,0,1,1,1,0,1,1,1,1,0,0,0,0,0
"illgotten_snipe",1,1,0,1,1,1,0,1,1,1,1,0,0,0,0,0
"vanitied_xenopus",1,1,0,1,1,1,0,1,1,1,1,0,0,0,0,0
"sequined_gallinule",1,1,0,1,1,1,0,1,1,1,1,0,0,0,0,0
"unnationalised_avocet",1,1,0,1,1,1,0,1,1,1,1,0,0,0,0,0
"diamantiferous_antbear",1,1,0,1,1,1,0,1,1,1,1,0,0,0,0,0
"comedial_prayingmantid",1,1,0,1,1,1,0,1,1,1,1,0,0,0,0,0
"androphagous_coypu",1,1,0,1,1,1,0,1,1,1,1,0,0,0,0,0
"moneygrubbing_velvetcrab",1,1,0,1,1,1,0,1,1,1,1,0,0,0,0,0
"pseudozoological_avocet",1,1,0,1,1,1,0,1,1,1,1,0,0,0,0,0
"bacteriophobic_scoter",1,1,0,1,1,1,0,1,1,1,1,0,0,0,0,0
"reedy_queensnake",1,1,0,1,1,1,0,1,1,1,1,0,0,0,0,0
"minimal_mouse",1,1,0,1,1,1,0,1,1,1,1,0,0,0,0,0
"mammoth_carpenterant",1,1,0,1,1,1,0,1,1,1,1,0,0,0,0,0
"euphoric_puffin",1,1,0,1,1,1,0,1,1,1,1,0,0,0,0,0
"atrophic_snowgeese",1,1,0,1,1,1,0,1,1,1,1,0,0,0,0,0
"spotty_smew",1,1,0,1,1,1,0,1,1,1,1,0,0,0,0,0
"slim_zenaida",1,1,0,1,1,1,0,1,1,1,1,0,0,0,0,0
"unsuitable_redheadedwoodpecker",1,1,0,1,1,1,0,1,1,1,1,0,0,0,0,0
"curmudgeonly_norwaylobster",1,1,0,1,1,1,0,1,1,1,1,0,0,0,0,0
"juicy_spoonbill",1,1,0,1,1,1,0,1,1,1,1,0,0,0,0,0
"gynephilic_mussel",1,1,0,1,1,1,0,1,1,1,1,0,0,0,0,0
"gorgeous_stinkbug",1,1,0,1,1,1,0,1,1,1,1,0,0,0,0,0
"craniate_cobra",1,1,0,1,1,1,0,1,1,1,1,0,0,0,0,0
"bohrium_booby",1,1,0,1,1,1,0,1,1,1,1,0,0,0,0,0
"surprising_oryx",1,1,0,1,1,1,0,1,1,1,1,0,0,0,0,0
"psychoactive_gallowaycow",1,1,0,1,1,1,0,1,1,1,1,0,0,0,0,0
"wholesome_cicada",1,1,0,1,1,1,0,1,1,1,1,0,0,0,0,0
"antipestilential_auklet",1,1,0,1,1,1,0,1,1,1,1,0,0,0,0,0
"subjective_jaeger",1,1,0,1,1,1,0,1,1,1,1,0,0,0,0,0
"vulcanian_peafowl",1,1,0,1,1,1,0,1,1,1,1,0,0,0,0,0
"telekinetic_elkhound",1,1,0,1,1,1,0,1,1,1,1,0,0,0,0,0
"wellunderstood_spittlebug",1,1,0,1,1,1,0,1,1,1,1,0,0,0,0,0
"puzzling_tuatara",1,1,0,1,1,1,0,1,1,1,1,0,0,0,0,0
"expediential_primate",1,1,0,1,1,1,0,1,1,1,1,0,0,0,0,0
"photographic_wallaroo",1,1,0,1,1,1,0,1,1,1,1,0,0,0,0,0
"subordinate_xrayfish",1,1,0,1,1,1,0,1,1,1,1,0,0,0,0,0
"girlish_amberpenshell",1,1,0,1,1,1,0,1,1,1,1,0,0,0,0,0
"reponsible_andeancockoftherock",1,1,0,1,1,1,0,1,1,1,1,0,0,0,0,0
"frizzy_birdofparadise",1,1,0,1,1,1,0,1,1,1,1,0,0,0,0,0
"incontinuous_bullfrog",1,1,0,1,1,1,0,1,1,1,1,0,0,0,0,0
"statuelike_bunting",1,1,0,1,1,1,0,1,1,1,1,0,0,0,0,0
"captivating_duckbillcat",1,1,0,1,1,1,0,1,1,1,1,0,0,0,0,0
"sandstone_stingray",1,1,0,1,1,1,0,1,1,1,1,0,0,0,0,0
"unsocial_japanesebeetle",1,1,0,1,1,1,0,1,1,1,1,0,0,0,0,0
"flat_kingsnake",1,1,0,1,1,1,0,1,1,1,1,0,0,0,0,0
"baccivorous_ewe",1,1,0,1,1,1,0,1,1,1,1,0,0,0,0,0
"nutritional_avocet",1,1,0,1,1,1,0,1,1,1,1,0,0,0,0,0
"unidentified_urva",1,1,0,1,1,1,0,1,1,1,1,0,0,0,0,0
"ashen_nandine",1,1,0,1,1,1,0,1,1,1,1,0,0,0,0,0
"digestional_loggerheadturtle",1,1,0,1,1,1,0,1,1,1,1,0,0,0,0,0
"stunty_inganue",1,1,0,1,1,1,0,1,1,1,1,0,0,0,0,0
"choleric_flickertailsquirrel",1,1,0,1,1,1,0,1,1,1,1,0,0,0,0,0
"flamboyant_barnacle",1,1,0,1,1,1,0,1,1,1,1,0,0,0,0,0
"unarithmetical_seahorse",1,1,0,1,1,1,0,1,1,1,1,0,0,0,0,0
"deprecatory_archaeocete",1,1,0,1,1,1,0,1,1,1,1,0,0,0,0,0
"trimetallic_python",1,1,0,1,1,1,0,1,1,1,1,0,0,0,0,0
"declarative_ovenbird",1,1,0,1,1,1,0,1,1,1,1,0,0,0,0,0
"dolostone_maggot",1,1,0,1,1,1,0,1,1,1,1,0,0,0,0,0
"mighty_mantid",1,1,0,1,1,1,0,1,1,1,1,0,0,0,0,0
"stunty_nubiangoat",1,1,0,1,1,1,0,1,1,1,1,0,0,0,0,0
"asphyxiated_alaskankleekai",1,1,0,1,1,1,0,1,1,1,1,0,0,0,0,0
"covetable_walkingstick",1,1,0,1,1,1,0,1,1,1,1,0,0,0,0,0
"humiliated_icelandicsheepdog",1,1,0,1,1,1,0,1,1,1,1,0,0,0,0,0
"roentgenium_cur",1,1,0,1,1,1,0,1,1,1,1,0,0,0,0,0
"uniliteral_americanrobin",1,1,0,1,1,1,0,1,1,1,1,0,0,0,0,0
"nonpsychoanalytical_asianporcupine",1,1,0,1,1,1,0,1,1,1,1,0,0,0,0,0
"sloppy_pacificparrotlet",1,1,0,1,1,1,0,1,1,1,1,0,0,0,0,0
"dialectical_cardinal",1,1,0,1,1,1,0,1,1,1,1,0,0,0,0,0
"pleasant_ibizanhound",1,1,0,1,1,1,0,1,1,1,1,0,0,0,0,0
"feudalist_eeve",1,1,0,1,1,1,0,1,1,1,1,0,0,0,0,0
"portly_marlin",1,1,0,1,1,1,0,1,1,1,1,0,0,0,0,0
"gullible_germanshorthairedpointer",1,1,0,1,1,1,0,1,1,1,1,0,0,0,0,0
"adventuresome_whitetaileddeer",1,1,0,1,1,1,0,1,1,1,1,0,0,0,0,0
"sinless_archerfish",1,1,0,1,1,1,0,1,1,1,1,0,0,0,0,0
"paediatric_barnacle",1,1,0,1,1,1,0,1,1,1,1,0,0,0,0,0
"extreme_ptarmigan",1,1,0,1,1,1,0,1,1,1,1,0,0,0,0,0
"jeanlike_leopard",1,1,0,1,1,1,0,1,1,1,1,0,0,0,0,0
"sentimental_whapuku",1,1,0,1,1,1,0,1,1,1,1,0,0,0,0,0
"steep_verdin",1,1,0,1,1,1,0,1,1,1,1,0,0,0,0,0
"decipherable_duckbillplatypus",1,1,0,1,1,1,0,1,1,1,1,0,0,0,0,0
"nontheologic_hackee",1,1,0,1,1,1,0,1,1,1,1,0,0,0,0,0
"feldspar_bobcat",1,1,0,1,1,1,0,1,1,1,1,0,0,0,0,0
"paleobiological_hairstreakbutterfly",1,1,0,1,1,1,0,1,1,1,1,0,0,0,0,0
"promethean_racerunner",1,1,0,1,1,1,0,1,1,1,1,0,0,0,0,0
"undamaging_blackwidowspider",1,1,0,1,1,1,0,1,1,1,1,0,0,0,0,0
"scribblenautilogical_americanredsquirrel",1,1,0,1,1,1,0,1,1,1,1,0,0,0,0,0
"longterm_conure",1,1,0,1,1,1,0,1,1,1,1,0,0,0,0,0
"superstylish_eastrussiancoursinghounds",1,1,0,1,1,1,0,1,1,1,1,0,0,0,0,0
"readaptable_liger",1,1,0,1,1,1,0,1,1,1,1,0,0,0,0,0
"controvertible_flea",1,1,0,1,1,1,0,1,1,1,1,0,0,0,0,0
"transoceanic_amoeba",1,1,0,1,1,1,0,1,1,1,1,0,0,0,0,0
"decontaminative_rhinoceros",1,1,0,1,1,1,0,1,1,1,1,0,0,0,0,0
"quasiexistent_harvestmouse",1,1,0,1,1,1,0,1,1,1,1,0,0,0,0,0
"antihuman_ghostshrimp",1,1,0,1,1,1,0,1,1,1,1,0,0,0,0,0
"sandstone_solitaire",1,1,0,1,1,1,0,1,1,1,1,0,0,0,0,0
"excessive_siberiantiger",1,1,0,1,1,1,0,1,1,1,1,0,0,0,0,0
"preshrunk_virginiaopossum",1,1,0,1,1,1,0,1,1,1,1,0,0,0,0,0
"dilapidated_urson",1,1,0,1,1,1,0,1,1,1,1,0,0,0,0,0
"beaten_imperialeagle",1,1,0,1,1,1,0,1,1,1,1,0,0,0,0,0
"superior_shelduck",1,1,0,1,1,1,0,1,1,1,1,0,0,0,0,0
"spiritless_primate",1,1,0,1,1,1,0,1,1,1,1,0,0,0,0,0
"demonic_diamondbackrattlesnake",1,1,0,1,1,1,0,1,1,1,1,0,0,0,0,0
"disembodied_irrawaddydolphin",1,1,0,1,1,1,0,1,1,1,1,0,0,0,0,0
"rightwing_iberianlynx",1,1,0,1,1,1,0,1,1,1,1,0,0,0,0,0
"radiophobic_moth",1,1,0,1,1,1,0,1,1,1,1,0,0,0,0,0
"configurative_nene",1,1,0,1,1,1,0,1,1,1,1,0,0,0,0,0
"receivable_astarte",1,1,0,1,1,1,0,1,1,1,1,0,0,0,0,0
"national_urson",1,1,0,1,1,1,0,1,1,1,1,0,0,0,0,0
"middleclass_honeyeater",1,1,0,1,1,1,0,1,1,1,1,0,0,0,0,0
"apocalyptic_boa",1,1,0,1,1,1,0,1,1,1,1,0,0,0,0,0
"suave_jenny",1,1,0,1,1,1,0,1,1,1,1,0,0,0,0,0
"feather_sow",1,1,0,1,1,1,0,1,1,1,1,0,0,0,0,0
"consumptive_americancrow",1,1,0,1,1,1,0,1,1,1,1,0,0,0,0,0
"brutish_wolfspider",1,1,0,1,1,1,0,1,1,1,1,0,0,0,0,0
"premonarchal_bluemorphobutterfly",1,1,0,1,1,1,0,1,1,1,1,0,0,0,0,0
"limitless_iridescentshark",1,1,0,1,1,1,0,1,1,1,1,0,0,0,0,0
"shameless_arcticduck",1,1,0,1,1,1,0,1,1,1,1,0,0,0,0,0
"minimal_zebu",1,1,0,1,1,1,0,1,1,1,1,0,0,0,0,0
"glossy_urus",1,1,0,1,1,1,0,1,1,1,1,0,0,0,0,0
"unnational_indiancow",1,1,0,1,1,1,0,1,1,1,1,0,0,0,0,0
"reincarnated_salamander",1,1,0,1,1,1,0,1,1,1,1,0,0,0,0,0
"lustered_dobermanpinscher",1,1,0,1,1,1,0,1,1,1,1,0,0,0,0,0
"caustic_foal",1,1,0,1,1,1,0,1,1,1,1,0,0,0,0,0
"selfevolved_blacklab",1,1,0,1,1,1,0,1,1,1,1,0,0,0,0,0
"imaginative_bichonfrise",1,1,0,1,1,1,0,1,1,1,1,0,0,0,0,0
"versicolor_snowdog",1,1,0,1,1,1,0,1,1,1,1,0,0,0,0,0
"quenching_caimanlizard",1,1,0,1,1,1,0,1,1,1,1,0,0,0,0,0
"insidious_hog",1,1,0,1,1,1,0,1,1,1,1,0,0,0,0,0
"undead_stallion",1,1,0,1,1,1,0,1,1,1,1,0,0,0,0,0
"genetic_sloth",1,1,0,1,1,1,0,1,1,1,1,0,0,0,0,0
"scrumptious_serpent",1,1,0,1,1,1,0,1,1,1,1,0,0,0,0,0
"citatory_gyrfalcon",1,1,0,1,1,1,0,1,1,1,1,0,0,0,0,0
"essential_rainbowtrout",1,1,0,1,1,1,0,1,1,1,1,0,0,0,0,0
"faithful_xuanhuaceratops",1,1,0,1,1,1,0,1,1,1,1,0,0,0,0,0
"uncontradictory_japanesebeetle",1,1,0,1,1,1,0,1,1,1,1,0,0,0,0,0
"simplehearted_langur",1,1,0,1,1,1,0,1,1,1,1,0,0,0,0,0
"moleskin_peregrinefalcon",1,1,0,1,1,1,0,1,1,1,1,0,0,0,0,0
"deflectable_bellfrog",1,1,0,1,1,1,0,1,1,1,1,0,0,0,0,0
"splendid_nightingale",1,1,0,1,1,1,0,1,1,1,1,0,0,0,0,0
"chiropterophilic_chicken",1,1,0,1,1,1,0,1,1,1,1,0,0,0,0,0
"stubborn_limpet",1,1,0,1,1,1,0,1,1,1,1,0,0,0,0,0
"overzealous_manta",1,1,0,1,1,1,0,1,1,1,1,0,0,0,0,0
"wellpleased_metalmarkbutterfly",1,1,0,1,1,1,0,1,1,1,1,0,0,0,0,0
"affectionate_viceroybutterfly",1,1,0,1,1,1,0,1,1,1,1,0,0,0,0,0
"condensed_xuanhuasaurus",1,1,0,1,1,1,0,1,1,1,1,0,0,0,0,0
"round_gopher",1,1,0,1,1,1,0,1,1,1,1,0,0,0,0,0
"ardent_borderterrier",1,1,0,1,1,1,0,1,1,1,1,0,0,0,0,0
"lighthearted_macaw",1,1,0,1,1,1,0,1,1,1,1,0,0,0,0,0
"citeable_dogwoodtwigborer",1,1,0,1,1,1,0,1,1,1,1,0,0,0,0,0
"androgenous_arabianhorse",1,1,0,1,1,1,0,1,1,1,1,0,0,0,0,0
"valuable_gnu",1,1,0,1,1,1,0,1,1,1,1,0,0,0,0,0
"restoring_platypus",1,1,0,1,1,1,0,1,1,1,1,0,0,0,0,0
"freethinking_blacklab",1,1,0,1,1,1,0,1,1,1,1,0,0,0,0,0
"glacial_poodle",1,1,0,1,1,1,0,1,1,1,1,0,0,0,0,0
"osmophobic_redstart",1,1,0,1,1,1,0,1,1,1,1,0,0,0,0,0
"matronal_arabianhorse",1,1,0,1,1,1,0,1,1,1,1,0,0,0,0,0
"overweight_bats",1,1,0,1,1,1,0,1,1,1,1,0,0,0,0,0
"subtransparent_gibbon",1,1,0,1,1,1,0,1,1,1,1,0,0,0,0,0
"bellicose_bubblefish",1,1,0,1,1,1,0,1,1,1,1,0,0,0,0,0
"confineable_unicorn",1,1,0,1,1,1,0,1,1,1,1,0,0,0,0,0
"nonsolicitous_hochstettersfrog",1,1,0,1,1,1,0,1,1,1,1,0,0,0,0,0
"masculine_azurevase",1,1,0,1,1,1,0,1,1,1,1,0,0,0,0,0
"offcolour_morpho",1,1,0,1,1,1,0,1,1,1,1,0,0,0,0,0
"touristy_gallinule",1,1,0,1,1,1,0,1,1,1,1,0,0,0,0,0
"subsonic_blacklemur",1,1,0,1,1,1,0,1,1,1,1,0,0,0,0,0
"fractious_smew",1,1,0,1,1,1,0,1,1,1,1,0,0,0,0,0
"moody_pikeperch",1,1,0,1,1,1,0,1,1,1,1,0,0,0,0,0
"dodecagonal_urchin",1,1,0,1,1,1,0,1,1,1,1,0,0,0,0,0
"revisitable_trumpeterswan",1,1,0,1,1,1,0,1,1,1,1,0,0,0,0,0
"devoid_eagle",1,1,0,1,1,1,0,1,1,1,1,0,0,0,0,0
"ostentatious_arawana",1,1,0,1,1,1,0,1,1,1,1,0,0,0,0,0
"annihilated_polliwog",1,1,0,1,1,1,0,1,1,1,1,0,0,0,0,0
"antimonarchal_porpoise",1,1,0,1,1,1,0,1,1,1,1,0,0,0,0,0
"irradiated_blesbok",1,1,0,1,1,1,0,1,1,1,1,0,0,0,0,0
"lucid_cottonmouth",1,1,0,1,1,1,0,1,1,1,1,0,0,0,0,0
"unemotional_oxpecker",1,1,0,1,1,1,0,1,1,1,1,0,0,0,0,0
"distinguishing_deinonychus",1,1,0,1,1,1,0,1,1,1,1,0,0,0,0,0
"pseudopolitical_fennecfox",1,1,0,1,1,1,0,1,1,1,1,0,0,0,0,0
"skyblue_xuanhanosaurus",1,1,0,1,1,1,0,1,1,1,1,0,0,0,0,0
"icosahedral_africanhornbill",1,1,0,1,1,1,0,1,1,1,1,0,0,0,0,0
"faithless_pelicinuspetrel",1,1,0,1,1,1,0,1,1,1,1,0,0,0,0,0
"phobic_lacewing",1,1,0,1,1,1,0,1,1,1,1,0,0,0,0,0
"irrationalist_flyingfish",1,1,0,1,1,1,0,1,1,1,1,0,0,0,0,0
"groundable_fireant",1,1,0,1,1,1,0,1,1,1,1,0,0,0,0,0
"ironbound_krill",1,1,0,1,1,1,0,1,1,1,1,0,0,0,0,0
"delusional_alaskankleekai",1,1,0,1,1,1,0,1,1,1,1,0,0,0,0,0
"padparadscha_kinkajou",1,1,0,1,1,1,0,1,1,1,1,0,0,0,0,0
"filterable_ayeaye",1,1,0,1,1,1,0,1,1,1,1,0,0,0,0,0
"great_fishingcat",1,1,0,1,1,1,0,1,1,1,1,0,0,0,0,0
"mousey_python",1,1,0,1,1,1,0,1,1,1,1,0,0,0,0,0
"fibre_juliabutterfly",1,1,0,1,1,1,0,1,1,1,1,0,0,0,0,0
"succinct_prayingmantid",1,1,0,1,1,1,0,1,1,1,1,0,0,0,0,0
"bratty_snipe",1,1,0,1,1,1,0,1,1,1,1,0,0,0,0,0
"gastronomical_globefish",1,1,0,1,1,1,0,1,1,1,1,0,0,0,0,0
"compulsory_chinesecrocodilelizard",1,1,0,1,1,1,0,1,1,1,1,0,0,0,0,0
"dozing_upupa",1,1,0,1,1,1,0,1,1,1,1,0,0,0,0,0
"unartistic_turaco",1,1,0,1,1,1,0,1,1,1,1,0,0,0,0,0
"artificial_africanporcupine",1,1,0,1,1,1,0,1,1,1,1,0,0,0,0,0
"serious_widgeon",1,1,0,1,1,1,0,1,1,1,1,0,0,0,0,0
"camlet_uakari",1,1,0,1,1,1,0,1,1,1,1,0,0,0,0,0
"tapestried_northernelephantseal",1,1,0,1,1,1,0,1,1,1,1,0,0,0,0,0
"dermographic_mustang",1,1,0,1,1,1,0,1,1,1,1,0,0,0,0,0
"precranial_bluebottlejellyfish",1,1,0,1,1,1,0,1,1,1,1,0,0,0,0,0
"dazzling_aquaticleech",1,1,0,1,1,1,0,1,1,1,1,0,0,0,0,0
"islandlike_labradorretriever",1,1,0,1,1,1,0,1,1,1,1,0,0,0,0,0
"goodtempered_marmoset",1,1,0,1,1,1,0,1,1,1,1,0,0,0,0,0
"unethical_shearwater",1,1,0,1,1,1,0,1,1,1,1,0,0,0,0,0
"shimmery_pupfish",1,1,0,1,1,1,0,1,1,1,1,0,0,0,0,0
"equilateral_azurevasesponge",1,1,0,1,1,1,0,1,1,1,1,0,0,0,0,0
"tzarist_spittlebug",1,1,0,1,1,1,0,1,1,1,1,0,0,0,0,0
"capitalistic_springtail",1,1,0,1,1,1,0,1,1,1,1,0,0,0,0,0
"plushed_kitten",1,1,0,1,1,1,0,1,1,1,1,0,0,0,0,0
"legal_seahog",1,1,0,1,1,1,0,1,1,1,1,0,0,0,0,0
"disquieting_imago",1,1,0,1,1,1,0,1,1,1,1,0,0,0,0,0
"regardable_beagle",1,1,0,1,1,1,0,1,1,1,1,0,0,0,0,0
"gastroscopic_antarcticfurseal",1,1,0,1,1,1,0,1,1,1,1,0,0,0,0,0
"antiscience_rainbowlorikeet",1,1,0,1,1,1,0,1,1,1,1,0,0,0,0,0
"castiron_hoiho",1,1,0,1,1,1,0,1,1,1,1,0,0,0,0,0
"loved_esok",1,1,0,1,1,1,0,1,1,1,1,0,0,0,0,0
"snide_nightcrawler",1,1,0,1,1,1,0,1,1,1,1,0,0,0,0,0
"venturesome_hind",1,1,0,1,1,1,0,1,1,1,1,0,0,0,0,0
"vulgar_thrip",1,1,0,1,1,1,0,1,1,1,1,0,0,0,0,0
"kneedeep_mallard",1,1,0,1,1,1,0,1,1,1,1,0,0,0,0,0
"curved_parrot",1,1,0,1,1,1,0,1,1,1,1,0,0,0,0,0
"queenly_bassethound",1,1,0,1,1,1,0,1,1,1,1,0,0,0,0,0
"explainable_kawala",1,1,0,1,1,1,0,1,1,1,1,0,0,0,0,0
"uncontrollable_rainbowlorikeet",1,1,0,1,1,1,0,1,1,1,1,0,0,0,0,0
"droughty_calf",1,1,0,1,1,1,0,1,1,1,1,0,0,0,0,0
"diminutive_zebradove",1,1,0,1,1,1,0,1,1,1,1,0,0,0,0,0
"tangled_ling",1,1,0,1,1,1,0,1,1,1,1,0,0,0,0,0
"custodial_kudu",1,1,0,1,1,1,0,1,1,1,1,0,0,0,0,0
"flavourful_baboon",1,1,0,1,1,1,0,1,1,1,1,0,0,0,0,0
"shiftable_stegosaurus",1,1,0,1,1,1,0,1,1,1,1,0,0,0,0,0
"theophilic_limpet",1,1,0,1,1,1,0,1,1,1,1,0,0,0,0,0
"moony_junco",1,1,0,1,1,1,0,1,1,1,1,0,0,0,0,0
"clownish_oxpecker",1,1,0,1,1,1,0,1,1,1,1,0,0,0,0,0
"antebellum_velvetworm",1,1,0,1,1,1,0,1,1,1,1,0,0,0,0,0
"unwise_flatfish",1,1,0,1,1,1,0,1,1,1,1,0,0,0,0,0
"minor_turkey",1,1,0,1,1,1,0,1,1,1,1,0,0,0,0,0
"detractive_astarte",1,1,0,1,1,1,0,1,1,1,1,0,0,0,0,0
"myrmecophagous_deviltasmanian",1,1,0,1,1,1,0,1,1,1,1,0,0,0,0,0
"wrapped_mamba",1,1,0,1,1,1,0,1,1,1,1,0,0,0,0,0
"clamlike_warbler",1,1,0,1,1,1,0,1,1,1,1,0,0,0,0,0
"poisonous_hermitcrab",1,1,0,1,1,1,0,1,1,1,1,0,0,0,0,0
"econometrical_snowleopard",1,1,0,1,1,1,0,1,1,1,1,0,0,0,0,0
"uncalorific_xoni",1,1,0,1,1,1,0,1,1,1,1,0,0,0,0,0
"aggressive_globefish",1,1,0,1,1,1,0,1,1,1,1,0,0,0,0,0
"spiritless_merganser",1,1,0,1,1,1,0,1,1,1,1,0,0,0,0,0
"filmable_paca",1,1,0,1,1,1,0,1,1,1,1,0,0,0,0,0
"selfsatisfied_cockatoo",1,1,0,1,1,1,0,1,1,1,1,0,0,0,0,0
"sporty_civet",1,1,0,1,1,1,0,1,1,1,1,0,0,0,0,0
"elevated_kouprey",1,1,0,1,1,1,0,1,1,1,1,0,0,0,0,0
"motionless_attwatersprairiechicken",1,1,0,1,1,1,0,1,1,1,1,0,0,0,0,0
"uppity_freshwatereel",1,1,0,1,1,1,0,1,1,1,1,0,0,0,0,0
"ammonitoid_oyster",1,1,0,1,1,1,0,1,1,1,1,0,0,0,0,0
"iconic_bustard",1,1,0,1,1,1,0,1,1,1,1,0,0,0,0,0
"foggyish_guineafowl",1,1,0,1,1,1,0,1,1,1,1,0,0,0,0,0
"extragalactic_heterodontosaurus",1,1,0,1,1,1,0,1,1,1,1,0,0,0,0,0
"quasiconservative_fennecfox",1,1,0,1,1,1,0,1,1,1,1,0,0,0,0,0
"sentient_butterfly",1,1,0,1,1,1,0,1,1,1,1,0,0,0,0,0
"blowsy_pufferfish",1,1,0,1,1,1,0,1,1,1,1,0,0,0,0,0
"civilized_whitebeakeddolphin",1,1,0,1,1,1,0,1,1,1,1,0,0,0,0,0
"putrid_nandu",1,1,0,1,1,1,0,1,1,1,1,0,0,0,0,0
"parapsychological_bighorn",1,1,0,1,1,1,0,1,1,1,1,0,0,0,0,0
"correctable_wyvern",1,1,0,1,1,1,0,1,1,1,1,0,0,0,0,0
"matriarchic_drake",1,1,0,1,1,1,0,1,1,1,1,0,0,0,0,0
"subtrapezoidal_tigershark",1,1,0,1,1,1,0,1,1,1,1,0,0,0,0,0
"anthropoid_sardine",1,1,0,1,1,1,0,1,1,1,1,0,0,0,0,0
"victorious_spadefoot",1,1,0,1,1,1,0,1,1,1,1,0,0,0,0,0
"quilted_bullfrog",1,1,0,1,1,1,0,1,1,1,1,0,0,0,0,0
"sonic_eagle",1,1,0,1,1,1,0,1,1,1,1,0,0,0,0,0
"allegro_adamsstaghornedbeetle",1,1,0,1,1,1,0,1,1,1,1,0,0,0,0,0
"hollowhearted_fantail",1,1,0,1,1,1,0,1,1,1,1,0,0,0,0,0
"unkempt_plainsqueaker",1,1,0,1,1,1,0,1,1,1,1,0,0,0,0,0
"phlogopite_bilby",1,1,0,1,1,1,0,1,1,1,1,0,0,0,0,0
"upperclass_scallop",1,1,0,1,1,1,0,1,1,1,1,0,0,0,0,0
"legible_sora",1,1,0,1,1,1,0,1,1,1,1,0,0,0,0,0
"uninspired_mudpuppy",1,1,0,1,1,1,0,1,1,1,1,0,0,0,0,0
"maimouphilic_arieltoucan",1,1,0,1,1,1,0,1,1,1,1,0,0,0,0,0
"dragonlike_pekingese",1,1,0,1,1,1,0,1,1,1,1,0,0,0,0,0
"fungous_icelandicsheepdog",1,1,0,1,1,1,0,1,1,1,1,0,0,0,0,0
"combustive_americanindianhorse",1,1,0,1,1,1,0,1,1,1,1,0,0,0,0,0
"castiron_tapir",1,1,0,1,1,1,0,1,1,1,1,0,0,0,0,0
"comparable_iguana",1,1,0,1,1,1,0,1,1,1,1,0,0,0,0,0
"cacotopic_alligatorsnappingturtle",1,1,0,1,1,1,0,1,1,1,1,0,0,0,0,0
"superspiritual_chimpanzee",1,1,0,1,1,1,0,1,1,1,1,0,0,0,0,0
"hilarious_moorhen",1,1,0,1,1,1,0,1,1,1,1,0,0,0,0,0
"selfexistent_belugawhale",1,1,0,1,1,1,0,1,1,1,1,0,0,0,0,0
"photoluminescent_smelts",1,1,0,1,1,1,0,1,1,1,1,0,0,0,0,0
"pseudopriestly_kusimanse",1,1,0,1,1,1,0,1,1,1,1,0,0,0,0,0
"vegan_dwarfrabbit",1,1,0,1,1,1,0,1,1,1,1,0,0,0,0,0
"psychoanalytic_gemsbok",1,1,0,1,1,1,0,1,1,1,1,0,0,0,0,0
"isoceles_africanwilddog",1,1,0,1,1,1,0,1,1,1,1,0,0,0,0,0
"leisurable_redpoll",1,1,0,1,1,1,0,1,1,1,1,0,0,0,0,0
"tireless_flamingo",1,1,0,1,1,1,0,1,1,1,1,0,0,0,0,0
"perseverant_fieldmouse",1,1,0,1,1,1,0,1,1,1,1,0,0,0,0,0
"antimonarchical_zeren",1,1,0,1,1,1,0,1,1,1,1,0,0,0,0,0
"hexametric_guppy",1,1,0,1,1,1,0,1,1,1,1,0,0,0,0,0
"doglike_kawala",1,1,0,1,1,1,0,1,1,1,1,0,0,0,0,0
"blessed_dungbeetle",1,1,0,1,1,1,0,1,1,1,1,0,0,0,0,0
"vague_ekaltadeta",1,1,0,1,1,1,0,1,1,1,1,0,0,0,0,0
"clumpy_herring",1,1,0,1,1,1,0,1,1,1,1,0,0,0,0,0
"dependable_umbrette",1,1,0,1,1,1,0,1,1,1,1,0,0,0,0,0
"conservable_europeanpolecat",1,1,0,1,1,1,0,1,1,1,1,0,0,0,0,0
"selfvulcanising_tadpole",1,1,0,1,1,1,0,1,1,1,1,0,0,0,0,0
"apothecial_dutchsmoushond",1,1,0,1,1,1,0,1,1,1,1,0,0,0,0,0
"feathered_irishdraughthorse",1,1,0,1,1,1,0,1,1,1,1,0,0,0,0,0
"sphalerite_caimanlizard",1,1,0,1,1,1,0,1,1,1,1,0,0,0,0,0
